{"inputUnits":[63],"outputUnits":3,"inputs":{"0":{"dtype":"number","min":-0.004626944661140442,"max":0.9522510766983032},"1":{"dtype":"number","min":0.16056221723556519,"max":1.0178112983703613},"2":{"dtype":"number","min":-8.580526582591119e-7,"max":3.6625513644139573e-7},"3":{"dtype":"number","min":0.03680014610290527,"max":0.9547850489616394},"4":{"dtype":"number","min":0.13006028532981873,"max":0.9146549701690674},"5":{"dtype":"number","min":-0.0930904895067215,"max":0.01942315138876438},"6":{"dtype":"number","min":0.09134294837713242,"max":1.0285383462905884},"7":{"dtype":"number","min":0.05494284629821777,"max":0.8511492013931274},"8":{"dtype":"number","min":-0.14677636325359344,"max":0.02342601865530014},"9":{"dtype":"number","min":0.11685642600059509,"max":1.0455554723739624},"10":{"dtype":"number","min":-0.005414564162492752,"max":0.7975898385047913},"11":{"dtype":"number","min":-0.197300523519516,"max":0.02442365512251854},"12":{"dtype":"number","min":0.09374344348907471,"max":1.0081748962402344},"13":{"dtype":"number","min":-0.043627552688121796,"max":0.7823226451873779},"14":{"dtype":"number","min":-0.24278052151203156,"max":0.02427585981786251},"15":{"dtype":"number","min":0.1229700893163681,"max":0.9778344035148621},"16":{"dtype":"number","min":-0.019040949642658234,"max":0.8623319864273071},"17":{"dtype":"number","min":-0.11560189723968506,"max":0.017587387934327126},"18":{"dtype":"number","min":0.10406052321195602,"max":1.0562623739242554},"19":{"dtype":"number","min":-0.05699176341295242,"max":0.8521784543991089},"20":{"dtype":"number","min":-0.2001120150089264,"max":0.022669672966003418},"21":{"dtype":"number","min":-0.026626139879226685,"max":1.08211088180542},"22":{"dtype":"number","min":-0.012823935598134995,"max":0.8533737659454346},"23":{"dtype":"number","min":-0.2421189844608307,"max":0.021880581974983215},"24":{"dtype":"number","min":-0.12247559428215027,"max":1.1383572816848755},"25":{"dtype":"number","min":0.005416851490736008,"max":0.8621914982795715},"26":{"dtype":"number","min":-0.2647763192653656,"max":0.02584005706012249},"27":{"dtype":"number","min":0.10124121606349945,"max":0.9601902365684509},"28":{"dtype":"number","min":-0.020737141370773315,"max":0.9437479376792908},"29":{"dtype":"number","min":-0.11273776739835739,"max":0.01461792178452015},"30":{"dtype":"number","min":0.08195776492357254,"max":1.0394182205200195},"31":{"dtype":"number","min":-0.05347316712141037,"max":0.9194468855857849},"32":{"dtype":"number","min":-0.2206193506717682,"max":0.021172095090150833},"33":{"dtype":"number","min":0.09576696157455444,"max":1.0233800411224365},"34":{"dtype":"number","min":0.008413324132561684,"max":0.9210513830184937},"35":{"dtype":"number","min":-0.23153455555438995,"max":0.05032529681921005},"36":{"dtype":"number","min":0.1048545241355896,"max":0.9961848855018616},"37":{"dtype":"number","min":0.010024374350905418,"max":0.9232854843139648},"38":{"dtype":"number","min":-0.21483099460601807,"max":0.06173039227724075},"39":{"dtype":"number","min":0.08255000412464142,"max":0.9592238068580627},"40":{"dtype":"number","min":-0.014512524008750916,"max":1.018347144126892},"41":{"dtype":"number","min":-0.12233059108257294,"max":0.009679026901721954},"42":{"dtype":"number","min":0.06364815682172775,"max":1.0211299657821655},"43":{"dtype":"number","min":-0.03166087344288826,"max":0.9849811792373657},"44":{"dtype":"number","min":-0.22872306406497955,"max":0.016122322529554367},"45":{"dtype":"number","min":0.07855695486068726,"max":0.9993778467178345},"46":{"dtype":"number","min":0.026480667293071747,"max":0.9816857576370239},"47":{"dtype":"number","min":-0.20937339961528778,"max":0.0403735488653183},"48":{"dtype":"number","min":0.08919444680213928,"max":0.9688072204589844},"49":{"dtype":"number","min":0.028500188142061234,"max":0.9890977740287781},"50":{"dtype":"number","min":-0.16711834073066711,"max":0.046063777059316635},"51":{"dtype":"number","min":0.06431972235441208,"max":0.9479693174362183},"52":{"dtype":"number","min":-0.0027124732732772827,"max":1.0744235515594482},"53":{"dtype":"number","min":-0.1364998072385788,"max":0.008666029199957848},"54":{"dtype":"number","min":0.049118246883153915,"max":0.9951049089431763},"55":{"dtype":"number","min":-0.01211608573794365,"max":1.0546343326568604},"56":{"dtype":"number","min":-0.19151216745376587,"max":0.02221900038421154},"57":{"dtype":"number","min":0.06019037216901779,"max":0.9760480523109436},"58":{"dtype":"number","min":0.033544689416885376,"max":1.062160849571228},"59":{"dtype":"number","min":-0.17464320361614227,"max":0.04855171963572502},"60":{"dtype":"number","min":0.06921452283859253,"max":0.9501456618309021},"61":{"dtype":"number","min":0.04295462369918823,"max":1.0737229585647583},"62":{"dtype":"number","min":-0.14189760386943817,"max":0.06434149295091629}},"outputs":{"label":{"dtype":"string","min":0,"max":1,"uniqueValues":["forward","back","timer"],"legend":{"forward":[1,0,0],"back":[0,1,0],"timer":[0,0,1]}}},"isNormalized":true}